method,representation,train_size,eval_size,zero_shot,checkpoint_selection,checkpoint_epoch,eval_selection_overlap_instances,refinement_steps,episodes,batch,node_repr,consequence_compact,checkpoint,dataset,construct_no_aug,construct_no_aug_gap_pct,construct_aug,construct_aug_gap_pct,construct_solution_infeasible_pct,construct_instance_infeasible_pct,improve_no_aug,improve_no_aug_gap_pct,improve_aug,improve_aug_gap_pct,improve_solution_infeasible_pct,improve_instance_infeasible_pct,masked_no_aug,masked_no_aug_gap_pct,masked_aug,masked_aug_gap_pct,masked_solution_infeasible_pct,masked_instance_infeasible_pct,construction_seconds,improvement_seconds,masked_seconds,evaluation_seconds,process_wall_seconds,peak_gpu_mib,source_result
published_car_kopt,attribute,50,50,False,published,,0,5,1000,128,named,N/A,pretrained/CVRPBLTW/CaR-kopt_50/checkpoint.pt,vrpbltw50_uniform.pkl,15.0113,4.9311,14.7968,2.1166,20.975,3.4,14.9743,4.5594,14.7453,1.7632,18.9,2.9,15.7351,7.8521,14.8694,2.2501,0.0,0.0,1.835098,5.512253,1.522431,9.77,20.672,1789,published_car_kopt_levels/n50_t5_bs128.csv
published_car_kopt,attribute,50,50,False,published,,0,10,1000,128,named,N/A,pretrained/CVRPBLTW/CaR-kopt_50/checkpoint.pt,vrpbltw50_uniform.pkl,15.0113,4.9311,14.7968,2.1166,20.975,3.4,14.9727,4.5245,14.7407,1.732,18.8,2.9,15.7255,7.7882,14.865,2.2199,0.0,0.0,1.841595,10.731135,1.529870,15.03,26.058,1789,published_car_kopt_levels/n50_t10_bs128.csv
published_car_kopt,attribute,50,50,False,published,,0,20,1000,128,named,N/A,pretrained/CVRPBLTW/CaR-kopt_50/checkpoint.pt,vrpbltw50_uniform.pkl,15.0113,4.9311,14.7968,2.1166,20.975,3.4,14.969,4.4913,14.7422,1.6775,18.5,2.6,15.711,7.6902,14.8473,2.1161,0.0,0.0,1.843091,20.935090,1.525987,25.21,36.289,1789,published_car_kopt/n50_bs128.csv
published_car_kopt,attribute,100,100,False,published,,0,5,1000,64,named,N/A,pretrained/CVRPBLTW/CaR-kopt_100/checkpoint.pt,vrpbltw100_uniform.pkl,24.5314,0.4753,24.4034,-2.0507,22.225,2.8,24.4983,0.2337,24.3669,-2.2497,20.913,2.7,26.3643,4.6277,24.5981,-1.6689,0.0,0.0,5.403386,16.154913,5.390190,30.02,41.088,2691,published_car_kopt_levels/n100_t5_bs64.csv
published_car_kopt,attribute,100,100,False,published,,0,10,1000,64,named,N/A,pretrained/CVRPBLTW/CaR-kopt_100/checkpoint.pt,vrpbltw100_uniform.pkl,24.5314,0.4753,24.4034,-2.0507,22.225,2.8,24.4925,0.2094,24.3589,-2.2838,20.625,2.7,26.3597,4.6083,24.5904,-1.7021,0.0,0.0,5.424074,30.820938,5.406122,44.74,55.865,2691,published_car_kopt_levels/n100_t10_bs64.csv
published_car_kopt,attribute,100,100,False,published,,0,20,1000,64,named,N/A,pretrained/CVRPBLTW/CaR-kopt_100/checkpoint.pt,vrpbltw100_uniform.pkl,24.5314,0.4753,24.4034,-2.0507,22.225,2.8,24.4904,0.2163,24.3544,-2.3022,20.613,2.7,26.3565,4.594,24.586,-1.72,0.0,0.0,5.384282,59.810022,5.370083,73.67,84.685,2691,published_car_kopt/n100_bs64.csv
published_car_rr,attribute,50,50,False,published,,0,5,1000,128,named,N/A,pretrained/CVRPBLTW/CaR-rr_50/checkpoint.pt,vrpbltw50_uniform.pkl,15.1498,4.9446,14.8422,2.2325,17.725,2.6,14.9818,3.6065,14.6877,1.0533,10.625,1.3,15.391,5.6631,14.7256,1.3247,0.0,0.0,1.842041,6.642586,1.523238,10.92,22.024,1789,published_car_rr_levels/n50_t5_bs128.csv
published_car_rr,attribute,50,50,False,published,,0,10,1000,128,named,N/A,pretrained/CVRPBLTW/CaR-rr_50/checkpoint.pt,vrpbltw50_uniform.pkl,15.1498,4.9446,14.8422,2.2325,17.725,2.6,14.9107,3.1051,14.6233,0.6128,9.612,1.3,15.3004,5.0572,14.6625,0.8936,0.0,0.0,1.823751,12.884973,1.506500,17.11,28.033,1791,published_car_rr_levels/n50_t10_bs128.csv
published_car_rr,attribute,50,50,False,published,,0,20,1000,128,named,N/A,pretrained/CVRPBLTW/CaR-rr_50/checkpoint.pt,vrpbltw50_uniform.pkl,15.1498,4.9446,14.8422,2.2325,17.725,2.6,14.868,2.6225,14.5729,0.2513,8.725,1.0,15.2328,4.6006,14.6008,0.4709,0.0,0.0,1.831199,25.466782,1.515411,29.74,40.627,1791,published_car_rr_levels/n50_t20_bs128.csv
published_car_rr,attribute,100,100,False,published,,0,5,1000,64,named,N/A,pretrained/CVRPBLTW/CaR-rr_100/checkpoint.pt,vrpbltw100_uniform.pkl,24.7488,0.5495,24.46,-1.7148,23.75,3.1,24.6886,0.0428,24.3513,-2.2965,16.05,2.1,25.9873,3.4533,24.5527,-1.8341,0.0,0.0,5.341930,16.978380,5.325982,30.74,41.903,2695,published_car_rr_levels/n100_t5_bs64.csv
published_car_rr,attribute,100,100,False,published,,0,10,1000,64,named,N/A,pretrained/CVRPBLTW/CaR-rr_100/checkpoint.pt,vrpbltw100_uniform.pkl,24.7488,0.5495,24.46,-1.7148,23.75,3.1,24.6265,-0.2345,24.2813,-2.5867,14.713,2.0,25.8764,3.0291,24.4787,-2.1362,0.0,0.0,5.345455,32.472595,5.329162,46.21,57.305,2695,published_car_rr_levels/n100_t10_bs64.csv
published_car_rr,attribute,100,100,False,published,,0,20,1000,64,named,N/A,pretrained/CVRPBLTW/CaR-rr_100/checkpoint.pt,vrpbltw100_uniform.pkl,24.7488,0.5495,24.46,-1.7148,23.75,3.1,24.5806,-0.471,24.2202,-2.8658,13.913,1.8,25.7894,2.6878,24.3998,-2.4484,0.0,0.0,5.361195,63.657397,5.352567,77.44,88.511,2695,published_car_rr_levels/n100_t20_bs64.csv
pomo_attr_retrained,attribute,50,50,False,validation_best,985,128,0,1000,64,named,N/A,results/pomo1000/train_pomo_soft_attr/20260906_024257train_attr/val_model_best_cons.pt,vrpbltw50_uniform.pkl,15.1676,4.5327,14.7886,1.8123,30.451,0.3,,,,,,,15.2487,4.9002,14.7958,1.8508,0.0,0.0,,,,,,,pomo_best_n50_vrpbltw.csv
pomo_attr_retrained,attribute,50,50,False,last,1000,0,0,1000,256,named,N/A,results/pomo_eval_ep1000/train_pomo_soft_attr/epoch-1000.pt,vrpbltw50_uniform.pkl,15.2236,4.8019,14.8115,1.9782,29.28,0.1,,,,,,,15.2401,4.9245,14.8091,1.9861,0.0,0.0,1.679152,0.000000,1.344577,3.51,,,pomo_attr_ep1000_n50.csv
pomo_attr_retrained,attribute,50,100,True,validation_best,985,0,0,1000,16,named,N/A,results/pomo1000/train_pomo_soft_attr/20260906_024257train_attr/val_model_best_cons.pt,vrpbltw100_uniform.pkl,27.2655,9.1052,26.6429,6.6448,46.055,1.7,,,,,,,27.7125,10.669,26.7109,6.8403,0.0,0.0,,,,,,,pomo_best_n100_vrpbltw.csv
pomo_attr_retrained,attribute,50,100,True,last,1000,0,0,1000,64,named,N/A,results/pomo_eval_ep1000/train_pomo_soft_attr/epoch-1000.pt,vrpbltw100_uniform.pkl,27.2961,9.2496,26.6099,6.4475,37.968,0.9,,,,,,,27.5213,10.0225,26.6343,6.5579,0.0,0.0,8.383099,0.000000,8.448817,20.14,,,pomo_attr_ep1000_n100.csv
pomo_consequence_ours,consequence,50,50,False,validation_best,995,128,0,1000,64,named,False,results/pomo1000/train_pomo_soft_interface/20260908_065128train_interface/val_model_best_cons.pt,vrpbltw50_uniform.pkl,14.8752,2.333,14.5326,0.0077,10.393,0.0,,,,,,,14.879,2.3394,14.5322,0.004,0.0,0.0,,,,,,,pomo_best_n50_vrpbltw.csv
pomo_consequence_ours,consequence,50,50,False,last,1000,0,0,1000,256,named,True,results/pomo_eval_ep1000/train_pomo_soft_interface/epoch-1000.pt,vrpbltw50_uniform.pkl,14.8946,2.5009,14.543,0.0995,9.104,0.0,,,,,,,14.8982,2.51,14.5428,0.0976,0.0,0.0,8.275820,,5.737579,14.55,25.591,4717,ep1000_compact/n50_bs256.csv
pomo_consequence_ours,consequence,50,100,True,validation_best,995,0,0,1000,16,named,False,results/pomo1000/train_pomo_soft_interface/20260908_065128train_interface/val_model_best_cons.pt,vrpbltw100_uniform.pkl,26.0794,4.1439,25.498,1.8119,2.413,0.0,,,,,,,26.0786,4.1397,25.4978,1.8108,0.0,0.0,,,,,,,pomo_best_n100_vrpbltw.csv
pomo_consequence_ours,consequence,50,100,True,last,1000,0,0,1000,64,named,True,results/pomo_eval_ep1000/train_pomo_soft_interface/epoch-1000.pt,vrpbltw100_uniform.pkl,26.1094,4.2642,25.5609,2.0867,2.605,0.0,,,,,,,26.108,4.2568,25.5603,2.0834,0.0,0.0,57.969700,,40.801927,101.88,112.891,4649,ep1000_compact/n100_bs64.csv
